asset,sentiment,naive_f,naive_p,naive_lag,ty_wald_chi2,ty_p,ty_var_order_p,ty_aug_lags_k,n_weeks,naive_sig_005,ty_sig_005,ty_fdr_q005,ty_fdr_q010
btc,S_reg_decomposed,1.4758834678275967,0.1750050932284337,7,4.489291978728874,0.21324740941384504,3,4,338,False,False,False,False
btc,S_infra_decomposed,1.6833775025594069,0.11224418323742728,7,4.090545266378187,0.2518514073833906,3,4,338,False,False,False,False
btc,S_gdelt_normalized,1.6978001406394736,0.10873629227046773,7,1.8589897766988863,0.39475305438873476,2,3,339,False,False,False,False
eth,S_reg_decomposed,1.928241502346011,0.05529881811305741,8,12.266798697817398,0.03130936562147509,5,6,336,False,True,False,True
eth,S_infra_decomposed,1.5193675461108171,0.22035443569187738,2,7.739212440237558,0.17120590615157855,5,6,336,False,False,False,False
eth,S_gdelt_normalized,2.7499606820676674,0.06537399217948417,2,10.517993180123122,0.06182009474312757,5,6,336,False,False,False,False
xrp,S_reg_decomposed,6.793371409710208,0.0012821388714768646,2,15.169472951472619,0.001677403025808673,3,4,338,True,True,True,True
xrp,S_infra_decomposed,4.625620914428479,0.010431729560842805,2,11.726979954594585,0.008379402038691414,3,4,338,True,True,True,True
xrp,S_gdelt_normalized,7.168666031905702,0.0008942682658020069,2,13.912864330259419,0.0009524888423219595,2,3,339,True,True,True,True
bnb,S_reg_decomposed,3.7218128197198976,0.005669491151139159,4,15.941701248501388,0.003098397852787817,4,5,305,True,True,True,True
bnb,S_infra_decomposed,3.0381405362605785,0.04938647177175385,2,13.341506863515901,0.009722246262877744,4,5,305,True,True,True,True
bnb,S_gdelt_normalized,2.8862477710876546,0.022761855854865367,4,20.321702568228996,0.004915159234029005,7,8,302,True,True,True,True
ltc,S_reg_decomposed,2.032662704757688,0.042279816882254136,8,7.272120283322982,0.12218790142113946,4,5,337,True,False,False,False
ltc,S_infra_decomposed,0.8086572632393711,0.595350371289227,8,1.5935272824642515,0.8099550135184095,4,5,337,False,False,False,False
ltc,S_gdelt_normalized,1.473808608249411,0.16580069768085925,8,4.3125274395358355,0.3653590322454772,4,5,337,False,False,False,False
ada,S_reg_decomposed,7.701727954009652,0.00053678626206921,2,18.586458093948398,0.000947443984530939,4,5,337,True,True,True,True
ada,S_infra_decomposed,5.290589770840068,0.00546847633096495,2,12.179746051602402,0.0022656965815589735,2,3,339,True,True,True,True
ada,S_gdelt_normalized,7.032884099515923,0.0010186827773648504,2,18.03667533857424,0.0001211673791737979,2,3,339,True,True,True,True
