series,n,adf_stat,adf_p,adf_rej_unitroot_005,kpss_stat,kpss_p,kpss_rej_stationary_005,verdict
vol_btc,345,-4.830498099834484,4.753212473093021e-05,True,0.778520703993526,0.01,True,ambiguous/near-I(1)
vol_eth,345,-4.4233218993365675,0.0002698582778152033,True,0.8139503395446162,0.01,True,ambiguous/near-I(1)
vol_xrp,345,-4.871432164904449,3.962579390933785e-05,True,0.271219241293011,0.1,False,I(0)
vol_bnb,310,-3.8858748303089743,0.002141295148297185,True,1.259255949488544,0.01,True,ambiguous/near-I(1)
vol_ltc,345,-5.693058748551413,7.988812759409225e-07,True,0.7571575257236967,0.01,True,ambiguous/near-I(1)
vol_ada,345,-4.1177161075234965,0.0009052406863725164,True,0.5283409388283442,0.03528357233595851,True,ambiguous/near-I(1)
S_reg_decomposed,342,-8.539891661208156,9.848012717660374e-14,True,0.2081492302972147,0.1,False,I(0)
S_infra_decomposed,342,-8.516179313548058,1.1324762130353057e-13,True,0.1637108023662647,0.1,False,I(0)
S_gdelt_normalized,342,-8.564591842351478,8.513939723440359e-14,True,0.2084279914116359,0.1,False,I(0)
