asset,sentiment,p_uncontrolled,lag_uncontrolled,p_ctrl_total,lag_ctrl_total,p_ctrl_split,lag_ctrl_split,n_weeks,is_fdr7,unctrl_sig,total_sig,split_sig,total_fdr_q005,total_fdr_q010,split_fdr_q005,split_fdr_q010
btc,S_reg_decomposed,0.17500509322843455,7,0.3025532845538188,7,0.2897058888899417,7,342,False,False,False,False,False,False,False,False
btc,S_infra_decomposed,0.11224418323742662,7,0.15330432992787082,7,0.11997183801073441,7,342,False,False,False,False,False,False,False,False
btc,S_gdelt_normalized,0.10873629227046751,7,0.13254422228125007,7,0.13572469022678355,7,342,False,False,False,False,False,False,False,False
eth,S_reg_decomposed,0.055298818113059506,8,0.06451711552624383,2,0.07128697574352204,2,342,False,False,False,False,False,False,False,False
eth,S_infra_decomposed,0.22035443569187838,2,0.30398653023018996,2,0.301040750190246,3,342,False,False,False,False,False,False,False,False
eth,S_gdelt_normalized,0.06537399217948407,2,0.09070046630615455,2,0.11055411524394491,2,342,False,False,False,False,False,False,False,False
xrp,S_reg_decomposed,0.001282138871476852,2,0.0018009662291339555,2,0.002185391523596651,2,342,True,True,True,True,True,True,True,True
xrp,S_infra_decomposed,0.010431729560842918,2,0.015370502076111589,2,0.018851580896160534,2,342,True,True,True,True,True,True,True,True
xrp,S_gdelt_normalized,0.0008942682658020096,2,0.0014225083902959944,2,0.0018567418394288876,2,342,True,True,True,True,True,True,True,True
bnb,S_reg_decomposed,0.005669491151139136,4,0.01403672684970786,4,0.013916663573707709,4,310,True,True,True,True,True,True,True,True
bnb,S_infra_decomposed,0.049386471771753634,2,0.06728233165275269,4,0.06289708160243158,4,310,False,True,False,False,False,False,False,False
bnb,S_gdelt_normalized,0.022761855854865197,4,0.0342765709475548,4,0.03509878024013458,4,310,False,True,True,True,False,True,False,True
ltc,S_reg_decomposed,0.042279816882256266,8,0.11860886281481317,8,0.0841098411779072,8,342,False,True,False,False,False,False,False,False
ltc,S_infra_decomposed,0.595350371289225,8,0.694249929144081,8,0.6138368257369575,8,342,False,False,False,False,False,False,False,False
ltc,S_gdelt_normalized,0.16580069768085945,8,0.25578813486439594,2,0.19387183009460987,8,342,False,False,False,False,False,False,False,False
ada,S_reg_decomposed,0.0005367862620692061,2,0.001128333067757426,2,0.0011789359689067715,2,342,True,True,True,True,True,True,True,True
ada,S_infra_decomposed,0.0054684763309649515,2,0.011214991032315845,2,0.012141241639628658,2,342,True,True,True,True,True,True,True,True
ada,S_gdelt_normalized,0.001018682777364843,2,0.001972329966312116,2,0.002356491305650765,2,342,True,True,True,True,True,True,True,True
