asset,model,k_params,AIC,BIC,loglik
BTC,"GARCH(1,1)",5,11864.629,11893.616,-5927.315
BTC,GJR-GARCH,6,11866.629,11901.413,-5927.315
BTC,GJR-GARCH-X,11,11862.977,11926.747,-5920.489
ETH,"GARCH(1,1)",5,13296.629,13325.615,-6643.314
ETH,GJR-GARCH,6,13298.629,13333.413,-6643.314
ETH,GJR-GARCH-X,11,13285.853,13349.624,-6631.927
XRP,"GARCH(1,1)",5,13271.338,13300.324,-6630.669
XRP,GJR-GARCH,6,13272.965,13307.749,-6630.482
XRP,GJR-GARCH-X,11,13264.488,13328.259,-6621.244
BNB,"GARCH(1,1)",5,11345.596,11374.057,-5667.798
BNB,GJR-GARCH,6,11347.355,11381.507,-5667.677
BNB,GJR-GARCH-X,11,11346.261,11408.874,-5662.13
LTC,"GARCH(1,1)",5,13726.501,13755.487,-6858.25
LTC,GJR-GARCH,6,13723.929,13758.713,-6855.964
LTC,GJR-GARCH-X,11,13721.974,13785.744,-6849.987
ADA,"GARCH(1,1)",5,14039.788,14068.775,-7014.894
ADA,GJR-GARCH,6,14041.545,14076.328,-7014.772
ADA,GJR-GARCH-X,11,14037.723,14101.493,-7007.861
