asset,model,n_obs,k,negLL,LL,AIC,BIC,k_free,AIC_kfree,BIC_kfree,k_mu,AIC_kmu,BIC_kmu,k_legacy,AIC_legacy,BIC_legacy,converged,n_starts,n_starts_converged,n_starts_improving_on_default,extra_grid_improved_best,best_negLL_c14_grid,omega,alpha,gamma,beta,nu,persistence,delta_infra,delta_reg,runtime_s
btc,"GARCH(1,1)",2434,5,5927.314599907777,-5927.314599907777,11864.629199815554,11893.61565618329,4,11862.629199815554,11885.818364909745,5,11864.629199815554,11893.61565618329,5,11864.629199815554,11893.61565618329,True,12,12,9,True,5927.314604205627,0.1405655556114118,0.0693600999727769,0.0,0.9296399282572202,3.244182865584031,0.9990000282299971,,,1.3323493003845215
btc,GJR-GARCH,2434,6,5927.314619771938,-5927.314619771938,11866.629239543876,11901.41298718516,5,11864.629239543876,11893.615695911612,6,11866.629239543876,11901.41298718516,6,11866.629239543876,11901.41298718516,True,12,12,1,True,5927.314670305619,0.14078650760062755,0.06937032291757081,3.8113206147289117e-07,0.9296294865163985,3.2434682386196902,0.9990000000000001,,,2.8802433013916016
btc,GJR-GARCH-X,2434,11,5920.4886354141545,-5920.4886354141545,11862.977270828309,11926.747474837332,10,11860.977270828309,11918.950183563784,11,11862.977270828309,11926.747474837332,10,11860.977270828309,11918.950183563784,True,12,12,3,True,5920.488641246402,0.12218818784820643,0.07407712932160801,4.4365879252543836e-07,0.9249229490333457,3.128301119046567,0.99900030018435,0.9063357474885281,0.3004620379069612,5.83439040184021
eth,"GARCH(1,1)",2434,5,6643.314486557212,-6643.314486557212,13296.628973114424,13325.61542948216,4,13294.628973114424,13317.818138208615,5,13296.628973114424,13325.61542948216,5,13296.628973114424,13325.61542948216,True,12,12,4,True,6643.314486597548,0.21557175779325238,0.07395816778846294,0.0,0.9250418330084106,3.670250122758133,0.9990000007968736,,,1.204131841659546
eth,GJR-GARCH,2434,6,6643.314486472917,-6643.314486472917,13298.628972945835,13333.41272058712,5,13296.628972945835,13325.615429313571,6,13298.628972945835,13333.41272058712,6,13298.628972945835,13333.41272058712,True,12,12,3,False,6643.314486472917,0.21558524219958536,0.07396634449257676,-3.726487488035829e-09,0.9250336589133827,3.670313237625685,0.9990000052692033,,,2.3180296421051025
eth,GJR-GARCH-X,2434,11,6631.926715762749,-6631.926715762749,13285.853431525498,13349.62363553452,10,13283.853431525498,13341.826344260973,11,13285.853431525498,13349.62363553452,10,13283.853431525498,13341.826344260973,True,12,12,0,False,6631.926715762749,0.15086181258694428,0.06965601248429563,-0.008689943792271468,0.9249990156195687,3.76565988251572,0.999,2.110227541886762,0.38109089755454273,5.071813344955444
xrp,"GARCH(1,1)",2434,5,6630.6688377978635,-6630.6688377978635,13271.337675595727,13300.324131963464,4,13269.337675595727,13292.526840689918,5,13271.337675595727,13300.324131963464,5,13271.337675595727,13300.324131963464,True,12,12,10,True,6630.6688378104645,1.3642429739327042,0.2217946891838504,0.0,0.7772053108161496,3.026572305056655,0.999,,,1.393909215927124
xrp,GJR-GARCH,2434,6,6630.482455624022,-6630.482455624022,13272.964911248044,13307.748658889328,5,13270.964911248044,13299.95136761578,6,13272.964911248044,13307.748658889328,6,13272.964911248044,13307.748658889328,True,12,12,5,False,6630.482455624022,1.3563784258635676,0.21468041097343374,-0.014405061565017504,0.7771170582440579,3.110651644943996,0.9990000000000003,,,1.7147328853607178
xrp,GJR-GARCH-X,2434,11,6621.244149417596,-6621.244149417596,13264.488298835193,13328.258502844215,10,13262.488298835193,13320.461211570668,11,13264.488298835193,13328.258502844215,10,13262.488298835193,13320.461211570668,True,12,12,0,False,6621.244149417596,1.3810249069151619,0.22068650481774596,-0.0328708888540671,0.7618780507552205,3.1581041308818367,0.9990000000000001,2.865926066097608,1.7366164122234586,4.905871868133545
bnb,"GARCH(1,1)",2191,5,5667.797988500098,-5667.797988500098,11345.595977000195,11374.056543698172,4,11343.595977000195,11366.364430358577,5,11345.595977000195,11374.056543698172,5,11345.595977000195,11374.056543698172,True,12,12,2,False,5667.797988500098,0.28277038287633877,0.13147755390258153,0.0,0.8675224460974185,4.0310427216989435,0.999,,,1.0700838565826416
bnb,GJR-GARCH,2191,6,5667.677317921014,-5667.677317921014,11347.354635842028,11381.5073158796,5,11345.354635842028,11373.815202540005,6,11347.354635842028,11381.5073158796,6,11347.354635842028,11381.5073158796,True,12,12,2,False,5667.677317921014,0.2974041339019786,0.12945505830136383,-0.005232369408902796,0.8669287569941847,4.132113416452651,0.9989999999999999,,,1.355797529220581
bnb,GJR-GARCH-X,2191,11,5662.13027809241,-5662.13027809241,11346.26055618482,11408.87380292037,10,11344.26055618482,11401.181689580773,11,11346.26055618482,11408.87380292037,10,11344.26055618482,11401.181689580773,True,12,12,0,False,5662.13027809241,0.2929406826259982,0.14333525762865548,-0.011818468982364126,0.8497555078801625,4.219150640253431,0.9990000000000001,1.2313248975574949,0.3586573628745058,3.112570285797119
ltc,"GARCH(1,1)",2434,5,6858.250283947123,-6858.250283947123,13726.500567894245,13755.487024261982,4,13724.500567894245,13747.689732988436,5,13726.500567894245,13755.487024261982,5,13726.500567894245,13755.487024261982,True,12,12,9,False,6858.250283947123,0.607444802949433,0.09186371389046506,0.0,0.892575722082507,3.745077392722313,0.9844394359729721,,,1.2298531532287598
ltc,GJR-GARCH,2434,6,6855.964484709832,-6855.964484709832,13723.928969419663,13758.712717060947,5,13721.928969419663,13750.9154257874,6,13723.928969419663,13758.712717060947,6,13723.928969419663,13758.712717060947,True,12,12,3,True,6855.964509480376,0.6494889918555041,0.09435813560730527,-0.023120675966838554,0.8930818063402796,3.923473052863164,0.999000279931004,,,1.5592100620269775
ltc,GJR-GARCH-X,2434,11,6849.986811406932,-6849.986811406932,13721.973622813864,13785.743826822887,10,13719.973622813864,13777.94653554934,11,13721.973622813864,13785.743826822887,10,13719.973622813864,13777.94653554934,True,12,12,1,True,6849.986811408458,0.6943002371538857,0.09851055728707703,-0.03367139748579798,0.883653743893866,3.9434111940734424,0.998999999923842,2.3157273721013114,0.33556699439203597,3.077336311340332
ada,"GARCH(1,1)",2434,5,7014.894123978152,-7014.894123978152,14039.788247956303,14068.77470432404,4,14037.788247956303,14060.977413050494,5,14039.788247956303,14068.77470432404,5,14039.788247956303,14068.77470432404,True,12,12,6,False,7014.894123978152,1.5257851436756789,0.1632175131620383,0.0,0.7907505817522338,4.455850904033978,0.9539680949142721,,,0.9656190872192383
ada,GJR-GARCH,2434,6,7014.772349047219,-7014.772349047219,14041.544698094438,14076.328445735722,5,14039.544698094438,14068.531154462175,6,14041.544698094438,14076.328445735722,6,14041.544698094438,14076.328445735722,True,12,12,4,True,7014.772349060857,1.5018387691428192,0.16841740968173724,-0.016590280911206404,0.794163152351996,4.4579241366214335,0.9708757024893364,,,1.356053113937378
ada,GJR-GARCH-X,2434,11,7007.861376403283,-7007.861376403283,14037.722752806567,14101.49295681559,10,14035.722752806567,14093.695665542042,11,14037.722752806567,14101.49295681559,10,14035.722752806567,14093.695665542042,True,12,12,2,False,7007.861376403283,1.4426795436021993,0.16343531162096708,-0.026596577178012136,0.7945319946412837,4.5727869952365605,0.9712655948512567,2.8363110024932894,0.4043057447412483,2.577838897705078
