spec,asset,n_infra_events,n_reg_events,converged,log_lik,aic,omega,alpha,gamma,beta,nu,D_infrastructure,D_regulatory,se_infrastructure,se_regulatory,p_infrastructure,p_regulatory,S_gdelt,S_reg,S_infra
S1_baseline,btc,26,24,True,-5920.4886513832735,11860.977302766547,0.12223319176773319,0.07407383372125037,4.5808652083819765e-10,0.9249261660497065,3.1283464889687864,0.9052318436971629,0.3002794864716605,0.4238642072123631,0.2313676314617113,0.03280669657170887,0.19446384404865058,0.0030285115965102186,0.2703427207339961,-0.06339460850354375
S1_baseline,eth,26,24,True,-6631.926716137978,13283.853432275955,0.15085193993998197,0.06965589161019486,-0.008690849682326907,0.9249986835486417,3.7657435797809877,2.1098902390412397,0.3811603957115165,0.7064593746220852,0.3397345818055736,0.00284953206346783,0.2620008528777338,0.28124681324559286,-0.18679163979850552,-0.47236018103381405
S1_baseline,xrp,26,24,True,-6621.244149643239,13262.488299286479,1.3810590839378512,0.2206925537968593,-0.03288054259649026,0.7618671749049065,3.1581554926423148,2.866542842410621,1.7370413567071965,1.2657630270619489,1.248519631691654,0.023620539896946235,0.1642679758221881,0.09322409105021612,-2.4779528897191097,1.7253693188908417
S1_baseline,bnb,26,24,True,-5662.130278350033,11344.260556700066,0.2929459473168128,0.14334114816086516,-0.011817336059835848,0.849750183809217,4.219046501831354,1.2315166090029117,0.35873641955129804,0.5789399350371847,0.3410334745306851,0.0335160324120487,0.29295751202438325,0.1579384429168496,-0.7870267554631728,0.22075093567355583
S1_baseline,ltc,26,24,True,-6849.986811650707,13719.973623301414,0.6943501168096895,0.09851397031781088,-0.033674091855529734,0.8836489838297653,3.9434372768863555,2.315588292373993,0.33578837825362223,0.9599689452953464,0.5086746426247619,0.015932637713726105,0.5092369287713643,0.01852887149402643,0.10593864935707362,0.11325284712165314
S1_baseline,ada,26,24,True,-7007.861377311095,14035.72275462219,1.4429686706914733,0.1634483883612922,-0.02659520159233696,0.7945071032966166,4.572737893247029,2.8371590599598036,0.4048110473125792,1.4456674544640096,0.8143592928957485,0.04981557558781846,0.6191696405360894,-0.2080137764228224,-0.733683891173443,1.6364600293531273
S2_relaxed,btc,69,46,True,-5918.8278079674155,11857.655615934831,0.10237357448883973,0.07463937583706869,-0.0020093985553361186,0.9228941849793159,3.0779669129248375,0.618228205482416,0.3439580572432571,0.26647371148816706,0.21416943748265646,0.020421672305299232,0.10840217154557474,0.01641400358847323,0.1356416133188121,0.02398969431253092
S2_relaxed,eth,69,46,True,-6629.698221421537,13279.396442843074,0.10303162738932285,0.06643039280952334,-0.01200159059411946,0.9265688118934169,3.701297649139141,1.2878708992575776,0.4098591798733993,0.47745497414335936,0.35690747371141807,0.007037437636688182,0.25093223373831686,0.23195006355703598,-0.09506351696441481,-0.34616662661799597
S2_relaxed,xrp,69,46,True,-6613.718540784924,13247.437081569848,1.3727860442107191,0.23674662526244905,-0.055909521270467756,0.7342986141023171,3.1879956967514396,2.434930344151897,3.197287109852194,0.7253989742620739,1.048725835606017,0.0008010233861743821,0.002322903707951518,0.3057651673381756,-3.114301261986129,1.6581526843684677
S2_relaxed,bnb,69,46,True,-5655.8142751415235,11331.628550283047,0.262244539975128,0.16080162293186331,-0.01899178484697704,0.8281037331624025,4.153714791602246,1.1659651981195505,0.8668097138792612,0.38411391068181944,0.39464657583577545,0.002430026687823217,0.028166790019886756,0.17484563219538318,-0.9451789678740973,0.2002625377687061
S2_relaxed,ltc,69,46,True,-6851.595617828671,13723.191235657341,0.5940600585963549,0.0963741061574859,-0.03225578093030961,0.8864980033773598,3.9117796690477946,1.0397279234983774,0.5032818995152609,0.5357698749286748,0.5597723026797087,0.05241969481415998,0.36869762204578005,0.10972502913753657,-0.08078675859070356,0.09946760212920272
S2_relaxed,ada,69,46,True,-7004.283940598146,14028.567881196292,1.465192948527231,0.16876234406478577,-0.02920220129526591,0.7720391426639026,4.601602067410451,2.2789241335940997,1.697963065555935,0.74322129020088,0.9600532552866761,0.0021913263062807165,0.07708415620326026,0.08076905610483165,-1.4007613089469129,1.4172750035347204
S3_nofilter,btc,82,53,True,-5924.828739142662,11869.657478285324,0.14216592922387186,0.07037611124498465,8.588638490977746e-08,0.928623845811823,3.1999567172782295,0.025274880504561587,0.13120080047833801,0.16420708368595843,0.17404116863150979,0.8776850212668457,0.4510129791135222,-0.06852800053139523,0.321073279961782,0.13806807488954673
S3_nofilter,eth,82,53,True,-6640.769437602255,13301.53887520451,0.04389388416346263,0.048999976866639844,-4.626672478690901e-08,0.9499999999999973,3.7223267751090283,0.27448888006909233,0.09901463830990899,0.2098703705247148,0.20099502501550195,0.19103218193754268,0.6223240808560617,0.21496974706236976,0.11463837051418012,-0.46868276679127996
S3_nofilter,xrp,82,53,True,-6623.7945072712755,13267.589014542551,1.446610728866387,0.2315152844022466,-0.030757704275030474,0.7521058634602378,3.145021353734999,0.40531804185051173,1.4824273955453275,0.48864476040616506,0.8066013708584495,0.4069180129488643,0.06620407057453015,-0.08728601327370492,-2.0034206116193403,2.0827242888147746
S3_nofilter,bnb,82,53,True,-5664.696029385251,11349.392058770502,0.27442477960757305,0.15179518763569455,-0.010257588661492099,0.8420760180335594,4.189522748012438,0.28479889216782345,0.5397452339457752,0.23391986748263113,0.33322915748036863,0.223543383512667,0.10543229981106861,0.06086173583105054,-0.5646423140154203,0.363470024330835
S3_nofilter,ltc,82,53,True,-6854.826448380481,13729.652896760963,0.6474711219185351,0.09556428581641531,-0.02571187808511593,0.8905797751410267,3.921362048846442,0.2382830372060694,0.09470533442337949,0.3756425338965237,0.46439720040168775,0.5259223723664248,0.8384239512497218,-0.06392674801021653,0.283485301164976,0.3243477658142786
S3_nofilter,ada,82,53,True,-7011.295110390796,14042.590220781593,1.5636095852887726,0.16862071087132185,-0.02090477648045243,0.7854261575779703,4.523681182247878,0.3319625149664628,0.8596588795237576,0.5099811860076398,0.7212955552073537,0.5151527874167141,0.2334461041769036,-0.45573606462881866,-0.07074147396126684,2.1454866435907416
S4_strict,btc,42,36,True,-5914.853973072224,11849.707946144448,0.331601369033046,0.08576677258462721,0.007300134751054992,0.8801408526318889,3.186296585673222,1.7101895732941081,1.0137257007212341,0.6719544763513646,0.4587392185852873,0.010986204729323434,0.027211613209391583,0.013657388755205687,-0.13603796207226382,0.427160839634396
S4_strict,eth,42,36,True,-6626.387850427478,13272.775700854956,1.1010151261388843,0.09947536214860274,0.014758870208954583,0.8114802248338617,3.7882919953465324,4.568189863499181,2.3208683262126906,1.3987797319894835,1.0220800851536715,0.0011066072169416685,0.023250682091237262,0.2600282288653908,-1.2057399404695128,0.752869788753558
S4_strict,xrp,42,36,True,-6605.029701290766,13230.059402581532,1.7470156054514665,0.25465464406307814,-0.08070092502856832,0.7039948934226378,3.1846727067112894,5.987956982017607,5.948562764728866,1.9014244987742241,2.688093858412017,0.0016571427625369228,0.026995338627988863,0.2707134716249449,-3.2143461263446556,1.6948693523655025
S4_strict,bnb,42,36,True,-5654.05076874654,11328.10153749308,0.4351849509856248,0.17773251645027535,-0.02899153207671156,0.8003295060589701,4.322211997687801,2.2405755184883533,1.4229034377838732,0.7229067408104131,0.5539144788276031,0.001963897749718946,0.010270684139785047,0.214521800591104,-0.9904705310628185,0.02055959033020207
S4_strict,ltc,42,36,True,-6844.235904311811,13708.471808623623,1.2260879786911072,0.1390499890651604,-0.07233521000297846,0.8237824059333504,3.8860427885122784,3.7857107717246885,2.4576036085710777,4.04606504249942,2.7254374440230356,0.34954534874862064,0.3672908926188012,0.2100102765594847,-0.6596429384179285,0.3324518206476411
S4_strict,ada,42,36,True,-6994.708579764049,14009.417159528099,2.132808811997255,0.1781683429253931,-0.047390338694338854,0.7254173182184956,4.681809109191421,5.653721960638025,4.893678975118839,2.3786364443019274,1.7267781179294204,0.01753720665243952,0.004635068636270168,0.058138768838784605,-1.2061913852603636,1.3484443824063352
