asset,subsample_start,subsample_end,n_obs,alpha,beta,persistence,log_lik,full_sample_persistence
btc,2019-01-02,2020-11-24,693,0.09114609288051945,0.9068539071194806,0.998,-1704.3537380017153,0.998
btc,2020-11-25,2022-07-29,612,0.034083024729840684,0.9347718957387388,0.9688549204685795,-1681.4482872772487,0.998
btc,2022-07-30,2025-08-31,1129,0.09347717048639785,0.8776100421509848,0.9710872126373826,-2521.7573270713356,0.998
eth,2019-01-02,2020-11-04,673,0.12032518599444934,0.7904453737506887,0.910770559745138,-1874.4812067436847,0.9980000000000001
eth,2020-11-05,2021-11-04,365,0.07288987092451385,0.8523454898121396,0.9252353607366535,-1111.1457920279947,0.9980000000000001
eth,2021-11-05,2022-11-11,372,0.15380545033845575,0.7252007334913354,0.8790061838297911,-1071.7638404280956,0.9980000000000001
eth,2022-11-12,2024-02-25,471,0.04018836086694453,0.9578116391330518,0.9979999999999963,-1067.4488708777228,0.9980000000000001
eth,2024-02-26,2025-08-31,553,0.1468926456000005,0.4605217580154918,0.6074144036154923,-1469.8727596909625,0.9980000000000001
xrp,2019-01-02,2020-11-13,682,0.3,0.6006690140070582,0.9006690140070581,-1733.1295119184754,0.998
xrp,2020-11-14,2021-11-13,365,0.19670564431913357,0.7620872021027127,0.9587928464218463,-1209.3387567572854,0.998
xrp,2021-11-14,2022-11-17,369,0.17188201890651975,0.7646296442994838,0.9365116632060035,-1041.593319641521,0.998
xrp,2022-11-18,2024-07-03,594,0.154272670332051,0.66373329933167,0.818005969663721,-1418.9718214449395,0.998
xrp,2024-07-04,2025-08-31,424,0.2611349367576888,0.6632874679286609,0.9244224046863496,-1197.3905959060235,0.998
bnb,2019-09-02,2021-01-03,490,0.1262615021109664,0.7881471720910516,0.914408674202018,-1345.4071108461915,0.998
bnb,2021-01-04,2021-11-27,328,0.1670285226135748,0.7685364164579104,0.9355649390714852,-1033.4074916510303,0.998
bnb,2021-11-28,2022-12-22,390,0.22319992923528986,0.5963804942879293,0.8195804235232191,-1032.8973425859717,0.998
bnb,2022-12-23,2023-12-11,354,0.24573633551480226,0.7522636644851977,0.9979999999999999,-731.5022263398831,0.998
bnb,2023-12-12,2025-08-31,629,0.0849646569531575,0.8551950246882652,0.9401596816414227,-1482.6192660810357,0.998
ltc,2019-01-02,2020-11-05,674,0.13676421092990515,0.7521683307799159,0.8889325417098211,-1915.5908904182204,0.9844420402422696
ltc,2020-11-06,2021-11-27,387,0.06589622542572734,0.8932675934805078,0.9591638189062351,-1223.2128971323755,0.9844420402422696
ltc,2021-11-28,2022-11-27,365,0.10662613616670576,0.8292327483766113,0.9358588845433171,-1053.508831805225,0.9844420402422696
ltc,2022-11-28,2024-02-29,459,0.0846061796472191,0.7391664992748824,0.8237726789221015,-1138.4923979043374,0.9844420402422696
ltc,2024-03-01,2025-08-31,549,0.06984374104671413,0.8977990910371135,0.9676428320838276,-1503.6945893481711,0.9844420402422696
ada,2019-01-02,2020-11-20,689,0.12928474362268763,0.6619305876715312,0.7912153312942188,-2006.1712901943397,0.9539752349654448
ada,2020-11-21,2022-06-25,582,0.15129932564923912,0.7949257642710462,0.9462250899202853,-1842.6430489521442,0.9539752349654448
ada,2022-06-26,2023-12-04,527,0.22528198969235516,0.6355870747790344,0.8608690644713896,-1329.391050926234,0.9539752349654448
ada,2023-12-05,2025-08-31,636,0.1200775192927998,0.777406672863982,0.8974841921567818,-1808.830326885482,0.9539752349654448
