# per-asset deltas (unrestricted fit, baseline S1 50-event)
asset,delta_infra,delta_reg,diff,ok_unr,ok_null
btc,0.9067030782915976,0.30056420815292006,0.6061388701386775,True,True
eth,2.110227541886762,0.38109089755454273,1.7291366443322196,True,True
xrp,2.865926066097608,1.7366164122234586,1.1293096538741492,True,True
bnb,1.2313248975574949,0.3586573628745058,0.8726675346829891,True,True
ltc,2.315597198553172,0.3355240170372937,1.9800731815158783,True,True
ada,2.8363110024932894,0.4043057447412483,2.4320052577520412,True,True

# summary
d_bar_obs,multiplier,rho_return,rho_resid,n_calendar,availability_pattern_codes,availability_pattern_counts,B_requested,p_param_null_one_sided,p_param_null_two_sided,param_null_B_used,param_null_frac_dropped,unr_ci90_lo,unr_ci90_hi,unr_ci95_lo,unr_ci95_hi,unr_pct95_lo,unr_pct95_hi,unr_boot_median_bias,unr_frac_le0,unr_B_used,unr_frac_dropped,wild_p_one_sided,wild_p_two_sided,wild_ci95_lo,wild_ci95_hi,wild_B_used,wild_frac_dropped,numba
1.4582218570493257,3.4878963931022877,0.688208467039957,0.7046396791666949,2434,55;63,243;2191,500,0.10379241516966067,0.10379241516966067,500,0.0,0.2829309849812982,1.728729615342067,0.16816858366666265,1.8545796052856744,1.061864108812977,2.748275130431989,0.4436130976760948,0.012,500,0.0,0.001996007984031936,0.001996007984031936,1.3310824174722125,1.5386759309620217,500,0.0,False
