reg_pre_window,asset,dInfra,dReg,converged
3,btc,0.9066421986154645,0.30052663213862996,True
3,eth,2.110227541886762,0.38109089755454273,True
3,xrp,2.865926066097608,1.7366164122234586,True
3,bnb,1.2313248975574949,0.3586573628745058,True
3,ltc,2.315597198553172,0.3355240170372937,True
3,ada,2.836234994548659,0.40434862823368156,True
5,btc,0.9049376672100168,0.2503868582330515,True
5,eth,2.1059203896802234,0.31189011101295305,True
5,xrp,2.856610597142401,1.1873622749759134,True
5,bnb,1.2117273374925246,0.2569035613731595,True
5,ltc,2.3085413136063124,0.2626576399976338,True
5,ada,2.8400622524844064,0.3508585412874568,True
7,btc,0.9186472992738782,0.26142220798509747,True
7,eth,2.1304207100493278,0.30664514225118855,True
7,xrp,2.8936175590398765,1.209962329925547,True
7,bnb,1.210638101807506,0.21296819772500894,True
7,ltc,2.333467857298415,0.277417622746774,True
7,ada,2.866944931012691,0.41676394714518966,True
10,btc,0.9214185028291603,0.2488323997035161,True
10,eth,2.1137852107906374,0.24839167176634316,True
10,xrp,2.880950094120145,0.9780107855830742,True
10,bnb,1.2052136907141207,0.1377507541979357,True
10,ltc,2.3305760557190225,0.22691617433291913,True
10,ada,2.893162379776636,0.4206428845822968,True
