spec,n_infra,n_reg,mean_dInfra,mean_dReg,multiplier,welch_t,welch_p,winsor,published_global_mult
curated,26,24,2.0443254828765265,0.5861273250103521,3.487852204877873,3.5970392690668405,0.005890201085138206,global_clip,
nofilter,82,53,0.2602344004042904,0.5344092339749,0.48695715541568096,-1.1755912131594533,0.2878744592067794,global_clip,0.58
relaxed,69,46,1.470865289262265,1.1697533724824638,1.2574148738214603,0.5557243762939692,0.59257109979971,global_clip,1.49
twoasset,53,41,2.7300481246419914,1.7244779435066804,1.5831157104221991,1.3522806267158358,0.20700479945034356,global_clip,1.61
strict,42,36,3.991270554351868,3.0094139511378106,1.3262617304086177,0.9108371632320806,0.3840958221457528,global_clip,1.31
curated,26,24,2.523378678016846,0.7007716375000089,3.6008573163990443,3.5689843860018735,0.0059332901269802405,rolling_canon,
nofilter,82,53,0.3997490610936448,0.7663955196769575,0.521596291771307,-1.2784628048579367,0.24943557240680067,rolling_canon,0.58
relaxed,69,46,1.893121716489557,1.483818972204766,1.2758441238129063,0.6246486854121457,0.5480952169658895,rolling_canon,1.49
twoasset,53,41,3.394209910280123,2.1111791057767584,1.6077318598846704,1.4105545846638803,0.18914994330145635,rolling_canon,1.61
strict,42,36,5.011362902976495,3.644217850070594,1.375154589860597,1.071907328065433,0.3090075431623759,rolling_canon,1.31
