spec,asset,dInfra,dReg,converged,n_infra,n_reg,winsor
curated,btc,0.9066421986154645,0.30052663213862996,True,26,24,global_clip
curated,eth,2.110227541886762,0.38109089755454273,True,26,24,global_clip
curated,xrp,2.865926066097608,1.7366164122234586,True,26,24,global_clip
curated,bnb,1.2313248975574949,0.3586573628745058,True,26,24,global_clip
curated,ltc,2.315597198553172,0.3355240170372937,True,26,24,global_clip
curated,ada,2.836234994548659,0.40434862823368156,True,26,24,global_clip
nofilter,btc,0.02589371705843902,0.130908440410832,True,82,53,global_clip
nofilter,eth,0.27550580071871644,0.09998014179130008,True,82,53,global_clip
nofilter,xrp,0.405469762607102,1.4827484825041928,True,82,53,global_clip
nofilter,bnb,0.284787331341459,0.5397252621633826,True,82,53,global_clip
nofilter,ltc,0.23828937055537597,0.09459420552649349,True,82,53,global_clip
nofilter,ada,0.33146042014465016,0.8584988714531991,True,82,53,global_clip
relaxed,btc,0.618181603769315,0.3439413652922931,True,69,46,global_clip
relaxed,eth,1.2876986427195205,0.40978164661796834,True,69,46,global_clip
relaxed,xrp,2.434934865433289,3.1974912472003747,True,69,46,global_clip
relaxed,bnb,1.16585891221819,0.866802855741325,True,69,46,global_clip
relaxed,ltc,1.0397400514125157,0.5030664209266427,True,69,46,global_clip
relaxed,ada,2.2787776600207588,1.6974366991161793,True,69,46,global_clip
twoasset,btc,1.396662655009006,0.4745595587618968,True,53,41,global_clip
twoasset,eth,2.5739546050521236,0.9041513746272005,True,53,41,global_clip
twoasset,xrp,4.033358290125304,4.025987217375062,True,53,41,global_clip
twoasset,bnb,1.7484799488126848,0.933137036022338,True,53,41,global_clip
twoasset,ltc,2.402724281433636,1.1481466790991324,True,53,41,global_clip
twoasset,ada,4.225108967419194,2.860885795154454,True,53,41,global_clip
strict,btc,1.7103536812795719,1.013725949050512,True,42,36,global_clip
strict,eth,4.569056987490877,2.321141141934905,True,42,36,global_clip
strict,xrp,5.988818684734662,5.948949308028924,True,42,36,global_clip
strict,bnb,2.2403878741839147,1.4230229960946703,True,42,36,global_clip
strict,ltc,3.7857867382537784,2.4573148482595446,True,42,36,global_clip
strict,ada,5.653219360168403,4.892329463458308,True,42,36,global_clip
curated,btc,1.0642431546576137,0.35617337104145486,True,26,24,rolling_canon
curated,eth,2.6411770013689173,0.4866715321148908,True,26,24,rolling_canon
curated,xrp,3.465787247408588,2.1876500834463872,True,26,24,rolling_canon
curated,bnb,1.5442940828272176,0.41356828000526735,True,26,24,rolling_canon
curated,ltc,2.8907561584028416,0.29526700580595217,True,26,24,rolling_canon
curated,ada,3.534014423435898,0.465299552586101,True,26,24,rolling_canon
nofilter,btc,0.03436736990182677,0.1708939501729116,True,82,53,rolling_canon
nofilter,eth,0.4639207166792506,0.492738067510091,True,82,53,rolling_canon
nofilter,xrp,0.6137875801526251,1.9417901408514013,True,82,53,rolling_canon
nofilter,bnb,0.3726742055480363,0.6821730496980742,True,82,53,rolling_canon
nofilter,ltc,0.4087506477840903,0.19209823040955457,True,82,53,rolling_canon
nofilter,ada,0.5049938464960396,1.1186796794197116,True,82,53,rolling_canon
relaxed,btc,0.7666355627995507,0.44369692796986515,True,69,46,rolling_canon
relaxed,eth,1.7315911729552294,0.6519576189728625,True,69,46,rolling_canon
relaxed,xrp,3.0616903798567052,3.890422988043832,True,69,46,rolling_canon
relaxed,bnb,1.4780860889041376,1.0780369555553062,True,69,46,rolling_canon
relaxed,ltc,1.4325601640984034,0.6754130275387865,True,69,46,rolling_canon
relaxed,ada,2.8881669303233144,2.163386315147945,True,69,46,rolling_canon
twoasset,btc,1.6333946028695123,0.5794596387854373,True,53,41,rolling_canon
twoasset,eth,3.302544697350249,1.2977113494216697,True,53,41,rolling_canon
twoasset,xrp,5.001235652659542,4.863136484707651,True,53,41,rolling_canon
twoasset,bnb,2.1175572362414536,1.0939754469001612,True,53,41,rolling_canon
twoasset,ltc,3.053374913593495,1.3891081312805098,True,53,41,rolling_canon
twoasset,ada,5.257152358966487,3.4436835835651207,True,53,41,rolling_canon
strict,btc,2.271297664766076,1.3641407584666538,True,42,36,rolling_canon
strict,eth,5.813465649481766,3.0451097733741515,True,42,36,rolling_canon
strict,xrp,7.463358224492866,7.0730990891422,True,42,36,rolling_canon
strict,bnb,2.688044419172063,1.6414340316861322,True,42,36,rolling_canon
strict,ltc,4.914376764505454,3.1028232843282857,True,42,36,rolling_canon
strict,ada,6.917634695440743,5.6387001634261456,True,42,36,rolling_canon
