asset,sentiment,freq,f_sent_to_vol,p_sent_to_vol,lag_sent_to_vol,f_vol_to_sent,p_vol_to_sent,lag_vol_to_sent,n_weeks
btc,S_reg_decomposed,weekly,1.4758834678275967,0.17500509322843455,7,2.1662264442247663,0.11621207990516394,2,342
btc,S_infra_decomposed,weekly,1.6833775025594069,0.11224418323742662,7,1.6870314869321366,0.19487811842091826,1,342
btc,S_gdelt_normalized,weekly,1.6978001406394736,0.10873629227046751,7,1.6106988169840677,0.20526682292976803,1,342
eth,S_reg_decomposed,weekly,1.928241502346011,0.055298818113059506,8,2.379097725174358,0.09419763642693586,2,342
eth,S_infra_decomposed,weekly,1.5193675461108171,0.22035443569187838,2,1.1421235497107638,0.3345439123653708,8,342
eth,S_gdelt_normalized,weekly,2.7499606820676674,0.06537399217948407,2,0.8066483513332782,0.5971166638585979,8,342
xrp,S_reg_decomposed,weekly,6.793371409710208,0.001282138871476852,2,1.8485005832487136,0.17486417950533922,1,342
xrp,S_infra_decomposed,weekly,4.625620914428479,0.010431729560842918,2,3.6287252657046385,0.0576388467279521,1,342
xrp,S_gdelt_normalized,weekly,7.168666031905702,0.0008942682658020096,2,3.6987089897568475,0.055294415515532026,1,342
bnb,S_reg_decomposed,weekly,3.7218128197198976,0.005669491151139136,4,1.8835944826865958,0.07202429549436312,7,310
bnb,S_infra_decomposed,weekly,3.0381405362605785,0.049386471771753634,2,1.3053863435257187,0.24042517824204623,8,310
bnb,S_gdelt_normalized,weekly,2.8862477710876546,0.022761855854865197,4,1.7997375227364332,0.07687559869781159,8,310
ltc,S_reg_decomposed,weekly,2.032662704757688,0.042279816882256266,8,1.616881754407895,0.20006204928682436,2,342
ltc,S_infra_decomposed,weekly,0.8086572632393711,0.595350371289225,8,1.1566295389094459,0.28293272440923734,1,342
ltc,S_gdelt_normalized,weekly,1.473808608249411,0.16580069768085945,8,1.7185138673604003,0.190774404079364,1,342
ada,S_reg_decomposed,weekly,7.701727954009652,0.0005367862620692061,2,3.8797224147146903,0.04968884721764097,1,342
ada,S_infra_decomposed,weekly,5.290589770840068,0.0054684763309649515,2,1.3159447739941779,0.2521324942166691,1,342
ada,S_gdelt_normalized,weekly,7.032884099515923,0.001018682777364843,2,2.794619438481878,0.09550668505012055,1,342
