asset,model,k_params,AIC,BIC,loglik
BTC,"GARCH(1,1)",5,11904.019,11933.005,-5947.009
BTC,GJR-GARCH,6,11905.615,11940.398,-5946.807
BTC,GJR-GARCH-X,10,11900.352,11958.325,-5940.176
ETH,"GARCH(1,1)",5,13344.705,13373.692,-6667.353
ETH,GJR-GARCH,6,13346.557,13381.341,-6667.279
ETH,GJR-GARCH-X,10,13329.362,13387.335,-6654.681
XRP,"GARCH(1,1)",5,13324.298,13353.285,-6657.149
XRP,GJR-GARCH,6,13325.112,13359.895,-6656.556
XRP,GJR-GARCH-X,10,13324.297,13382.27,-6652.149
BNB,"GARCH(1,1)",5,11400.368,11428.829,-5695.184
BNB,GJR-GARCH,6,11400.936,11435.089,-5694.468
BNB,GJR-GARCH-X,10,11400.492,11457.413,-5690.246
LTC,"GARCH(1,1)",5,13779.841,13808.828,-6884.921
LTC,GJR-GARCH,6,13773.559,13808.343,-6880.78
LTC,GJR-GARCH-X,10,13773.224,13831.197,-6876.612
ADA,"GARCH(1,1)",5,14091.197,14120.183,-7040.598
ADA,GJR-GARCH,6,14093.131,14127.915,-7040.566
ADA,GJR-GARCH-X,10,14092.421,14150.394,-7036.21
